{
  "Component-dbg.js": 1726638054577,
  "Component.js": 1726638054577,
  "controller/mediaui.controller.js": 1726649951060,
  "controller/App.controller.js": 1726638054585,
  "manifest.json": 1726683490057,
  "model/models.js": 1726638054585,
  "i18n/i18n.properties": 1726638054581,
  "Component.js.map": 1726683490235,
  "controller/mediaui-dbg.controller.js": 1726649951060,
  "controller/mediaui.controller.js.map": 1726683490228,
  "controller/App-dbg.controller.js": 1726638054585,
  "controller/App.controller.js.map": 1726683490228,
  "model/models-dbg.js": 1726638054585,
  "model/models.js.map": 1726683490194,
  "Component-preload.js": 1726683490299,
  "Component-preload.js.map": 1726683490299,
  "view/mediaui.view.xml": 1726664111905,
  "view/App.view.xml": 1726638054589,
  "css/style.css": 1726638054589,
  "index.html": 1726638054581
}