{
  "index.html": 1726638054581,
  "model/models.js": 1726638054585,
  "controller/mediaui.controller.js": 1726723733965,
  "controller/App.controller.js": 1726638054585,
  "manifest.json": 1727064812026,
  "Component.js": 1726638054577,
  "controller/App-dbg.controller.js": 1726638054585,
  "controller/App.controller.js.map": 1727064812314,
  "controller/mediaui-dbg.controller.js": 1726723733965,
  "controller/mediaui.controller.js.map": 1727064812326,
  "model/models-dbg.js": 1726638054585,
  "model/models.js.map": 1727064812316,
  "Component-dbg.js": 1726638054577,
  "Component.js.map": 1727064812315,
  "Component-preload.js": 1727064812661,
  "Component-preload.js.map": 1727064812661,
  "view/mediaui.view.xml": 1726723802618,
  "view/App.view.xml": 1726638054589,
  "css/style.css": 1726638054589,
  "i18n/i18n.properties": 1726638054581
}