{
  "view/mediaui.view.xml": 1726723802618,
  "model/models.js": 1726638054585,
  "controller/mediaui.controller.js": 1726723733965,
  "controller/App.controller.js": 1726638054585,
  "manifest.json": 1726724102922,
  "Component.js": 1726638054577,
  "controller/mediaui-dbg.controller.js": 1726723733965,
  "controller/mediaui.controller.js.map": 1726724103035,
  "model/models-dbg.js": 1726638054585,
  "model/models.js.map": 1726724103027,
  "controller/App-dbg.controller.js": 1726638054585,
  "controller/App.controller.js.map": 1726724103027,
  "Component-dbg.js": 1726638054577,
  "Component.js.map": 1726724103028,
  "Component-preload.js": 1726724103101,
  "Component-preload.js.map": 1726724103101,
  "i18n/i18n.properties": 1726638054581,
  "view/App.view.xml": 1726638054589,
  "css/style.css": 1726638054589,
  "index.html": 1726638054581
}